country,1960,1961,1962,1963,1964,1965,1966,1967,1968,1969,1970,1971,1972,1973,1974,1975,1976,1977,1978,1979,1980,1981,1982,1983,1984,1985,1986,1987,1988,1989,1990,1991,1992,1993,1994,1995,1996,1997,1998,1999,2000,2001,2002,2003,2004,2005,2006,2007,2008,2009,2010,2011,2012,2013,2014,2015,2016
Afghanistan,113000000,230000000,113000000,234000000,299000000,367000000,335000000,257000000,180000000,161000000,154000000,227000000,261000000,237000000,191000000,238000000,239000000,265000000,222000000,249000000,72400000,53500000,22500000,34400000,16800000,39900000,4590000,80100000,119000000,237000000,182000000,700000000,282000000,312000000,309000000,254000000,205000000,307000000,222000000,196000000,203000000,637000000,1800000000,1920000000,2580000000,3160000000,3190000000,5030000000,4740000000,6230000000,6280000000,6380000000,6170000000,4740000000,4570000000,4240000000,4060000000
Albania,,,,,,,,,,,,,,,,,,,,,,,,,,,,,8470000,16400000,14800000,425000000,523000000,374000000,207000000,210000000,272000000,215000000,350000000,653000000,456000000,393000000,424000000,413000000,329000000,331000000,334000000,287000000,315000000,316000000,330000000,320000000,312000000,238000000,245000000,334000000,167000000
Algeria,2950000000,3520000000,2990000000,2010000000,1550000000,988000000,818000000,691000000,744000000,798000000,740000000,706000000,547000000,524000000,495000000,775000000,455000000,372000000,469000000,234000000,412000000,401000000,345000000,228000000,335000000,475000000,333000000,354000000,268000000,255000000,440000000,273000000,453000000,430000000,385000000,335000000,352000000,317000000,543000000,184000000,290000000,301000000,265000000,280000000,331000000,354000000,238000000,349000000,268000000,260000000,178000000,164000000,133000000,179000000,139000000,87500000,157000000
Angola,-380000,254000000,,230000,,11600000,27200000,166000000,80000,-920000,-360000,-50000,640000,990000,1580000,17000000,56200000,146000000,118000000,102000000,107000000,132000000,140000000,184000000,241000000,229000000,262000000,225000000,250000000,271000000,370000000,376000000,428000000,405000000,602000000,515000000,567000000,477000000,453000000,523000000,429000000,414000000,563000000,592000000,1230000000,439000000,177000000,250000000,334000000,232000000,222000000,178000000,226000000,259000000,213000000,380000000,207000000
Antigua and Barbuda,,,,,,,,,,,,,,40000,15700000,8700000,11900000,18000000,11200000,9100000,12400000,20500000,11200000,7770000,5520000,6480000,10100000,10300000,14200000,6980000,6690000,10100000,6530000,4520000,5750000,2810000,4790000,5450000,11500000,10700000,12900000,10300000,14800000,5790000,1710000,7520000,3090000,4560000,5130000,3820000,16400000,11300000,1720000,1400000,2240000,1490000,-490000
Argentina,131000000,190000000,207000000,286000000,79600000,-507000000,-107000000,143000000,206000000,133000000,33000000,150000000,110000000,195000000,138000000,89300000,101000000,82500000,69900000,94400000,35100000,96400000,70100000,110000000,116000000,95300000,157000000,153000000,226000000,321000000,220000000,343000000,309000000,301000000,190000000,146000000,150000000,123000000,101000000,90300000,61500000,222000000,123000000,127000000,95700000,95800000,110000000,79300000,102000000,98200000,109000000,81700000,159000000,31700000,42800000,-18900000,3940000
Armenia,,,,,,,,,,,,,,,,,,,,,,,,,,,,,,,,3870000,33300000,159000000,265000000,267000000,367000000,213000000,254000000,273000000,290000000,293000000,393000000,301000000,286000000,187000000,227000000,344000000,287000000,483000000,315000000,359000000,248000000,251000000,235000000,347000000,327000000
Azerbaijan,,,,,,,,,,,,,,,,,,,,,,,,,,,,,,,,410000,9700000,32200000,199000000,144000000,116000000,234000000,156000000,218000000,175000000,275000000,418000000,340000000,198000000,227000000,220000000,220000000,215000000,219000000,155000000,235000000,227000000,-65200000,194000000,69600000,73800000
Bahamas,-420000,,,140000,540000,600000,410000,4310000,430000,550000,510000,1600000,7460000,2140000,2120000,2410000,2070000,1470000,3270000,2980000,4380000,4370000,4360000,2100000,23500000,1690000,10800000,1130000,6560000,6470000,4410000,3760000,3450000,1400000,1090000,5190000,,,,,,,,,,,,,,,,,,,,,
Bahrain,1020000,9620000,13300000,6250000,5480000,7840000,65300000,420000,1860000,1160000,6110000,26200000,14900000,62400000,148000000,90100000,546000000,149000000,226000000,321000000,449000000,441000000,357000000,583000000,492000000,172000000,189000000,14300000,-4290000,-3960000,190000000,126000000,101000000,145000000,118000000,111000000,156000000,189000000,256000000,77800000,78800000,97700000,82100000,156000000,63500000,,,,,,,,,,,,
Bangladesh,,,,,,,,,,,,115000000,1100000000,1800000000,2060000000,3740000000,1660000000,2440000000,2700000000,2750000000,2790000000,2460000000,3040000000,2350000000,2750000000,2600000000,2660000000,2880000000,2390000000,2690000000,2860000000,2550000000,2340000000,1800000000,2170000000,1420000000,1430000000,1290000000,1490000000,1560000000,1530000000,1450000000,1200000000,1640000000,1550000000,1400000000,1260000000,1420000000,1880000000,1190000000,1330000000,1340000000,1910000000,2380000000,2190000000,2570000000,2490000000
Barbados,,,,,,,12600000,4110000,6360000,9660000,16100000,29500000,27300000,22800000,16300000,18700000,24600000,18300000,32600000,27700000,30300000,38400000,29100000,40100000,18300000,16700000,7710000,10900000,4420000,3120000,3430000,2770000,-110000,4990000,1330000,-1420000,4830000,5530000,20200000,-2740000,680000,-2180000,4520000,22900000,29900000,-1890000,-1880000,16100000,6080000,9680000,14200000,,,,,,
Belarus,,,,,,,,,,,,,,,,,,,,,,,,,,,,,,,,,,,,,,,,,,,,,,62300000,77800000,80800000,96500000,91600000,128000000,103000000,93100000,94400000,104000000,105000000,-22600000
Belize,19200000,28500000,50300000,39400000,10500000,17300000,20200000,47200000,48200000,57200000,45800000,34800000,48000000,26600000,31100000,35600000,49000000,35000000,56900000,58600000,32000000,25800000,28400000,33900000,34500000,47900000,48400000,43500000,42400000,47100000,45900000,32300000,36100000,44400000,44300000,23700000,27700000,18000000,19500000,61900000,22900000,33100000,31700000,15500000,8110000,12300000,8150000,21200000,21000000,24700000,21800000,18900000,23400000,47200000,33100000,28300000,34900000
Benin,180000,10500000,27600000,34900000,133000000,125000000,103000000,111000000,89300000,84800000,93200000,168000000,102000000,118000000,132000000,184000000,173000000,151000000,164000000,200000000,188000000,186000000,189000000,205000000,191000000,238000000,263000000,219000000,245000000,424000000,370000000,358000000,366000000,371000000,319000000,316000000,324000000,283000000,256000000,274000000,354000000,407000000,308000000,359000000,421000000,368000000,410000000,445000000,559000000,613000000,640000000,611000000,459000000,584000000,531000000,430000000,492000000
Bhutan,,,,100000,90000,1410000,420000,80000,1090000,730000,1540000,940000,1090000,2860000,2420000,7790000,11900000,9580000,8650000,12200000,18300000,22600000,26300000,31000000,41300000,57800000,76200000,67600000,63000000,62900000,64100000,82400000,70400000,78800000,84000000,76000000,67900000,81000000,74700000,84300000,75200000,86300000,97700000,89200000,83800000,93600000,98100000,99100000,74800000,115000000,113000000,116000000,134000000,120000000,116000000,97300000,49600000
Bolivia,73600000,148000000,234000000,341000000,259000000,206000000,182000000,167000000,268000000,210000000,177000000,169000000,239000000,133000000,240000000,193000000,217000000,286000000,387000000,372000000,373000000,372000000,330000000,382000000,390000000,448000000,641000000,506000000,663000000,753000000,753000000,682000000,851000000,737000000,700000000,810000000,960000000,898000000,828000000,752000000,667000000,1050000000,941000000,1130000000,857000000,690000000,882000000,466000000,567000000,652000000,653000000,622000000,595000000,621000000,601000000,791000000,699000000
Bosnia and Herzegovina,,,,,,,,,,,,,,,,,,,,,,,,,,,,,,20000,10000,10000,21100000,93700000,564000000,1110000000,1050000000,1140000000,1210000000,1710000000,1080000000,941000000,776000000,638000000,744000000,572000000,554000000,562000000,401000000,382000000,472000000,535000000,510000000,452000000,547000000,355000000,445000000
Botswana,36300000,55800000,51700000,51900000,83600000,89800000,140000000,146000000,145000000,111000000,94800000,113000000,158000000,158000000,154000000,182000000,166000000,150000000,194000000,240000000,229000000,219000000,234000000,246000000,253000000,236000000,207000000,276000000,235000000,254000000,209000000,189000000,152000000,182000000,116000000,110000000,84300000,157000000,127000000,75000000,41200000,39500000,50500000,34400000,54000000,53200000,70500000,105000000,677000000,297000000,151000000,117000000,72000000,104000000,93500000,65500000,89100000
Brazil,136000000,1720000000,1070000000,1360000000,1560000000,1630000000,2090000000,1350000000,1450000000,1040000000,980000000,764000000,699000000,482000000,649000000,570000000,371000000,226000000,256000000,222000000,157000000,508000000,476000000,238000000,383000000,314000000,325000000,418000000,291000000,254000000,183000000,204000000,-448000000,218000000,285000000,274000000,301000000,311000000,333000000,90900000,249000000,308000000,255000000,214000000,153000000,190000000,81500000,277000000,385000000,323000000,424000000,672000000,1170000000,899000000,771000000,1000000000,687000000
Brunei,70000,3600000,5280000,280000,510000,590000,570000,490000,210000,210000,80000,280000,120000,730000,770000,630000,440000,260000,260000,220000,70000,350000,560000,870000,1650000,2890000,3680000,4030000,4980000,5070000,4470000,3870000,5330000,4350000,4190000,2970000,,,,,,,,,,,,,,,,,,,,,
Burkina Faso,1550000,12500000,36700000,33500000,112000000,123000000,118000000,127000000,149000000,152000000,135000000,163000000,173000000,254000000,391000000,298000000,262000000,340000000,417000000,457000000,441000000,492000000,497000000,430000000,447000000,449000000,531000000,444000000,455000000,428000000,450000000,575000000,550000000,622000000,554000000,558000000,488000000,481000000,521000000,521000000,282000000,569000000,616000000,643000000,699000000,736000000,920000000,876000000,874000000,987000000,956000000,845000000,1040000000,934000000,1010000000,997000000,1020000000
Burundi,68300000,64700000,93300000,51100000,65300000,37800000,65100000,74900000,90200000,101000000,112000000,127000000,135000000,122000000,150000000,161000000,149000000,141000000,189000000,213000000,242000000,281000000,299000000,334000000,344000000,349000000,379000000,322000000,311000000,326000000,365000000,346000000,393000000,285000000,391000000,330000000,133000000,75400000,93800000,104000000,135000000,213000000,241000000,276000000,392000000,390000000,444000000,470000000,458000000,526000000,575000000,499000000,470000000,493000000,455000000,367000000,737000000
Cambodia,177000000,160000000,142000000,151000000,84600000,67100000,77600000,92100000,65700000,83800000,121000000,207000000,313000000,608000000,1180000000,288000000,2410000,1000000,620000,262000000,582000000,251000000,83000000,90700000,52600000,34200000,30500000,28900000,33100000,39100000,60400000,126000000,260000000,386000000,377000000,583000000,481000000,420000000,429000000,351000000,511000000,548000000,638000000,591000000,523000000,565000000,546000000,666000000,682000000,659000000,666000000,673000000,688000000,713000000,715000000,679000000,717000000
Cameroon,3840000,67700000,79900000,68100000,202000000,235000000,338000000,262000000,329000000,247000000,364000000,277000000,321000000,264000000,244000000,367000000,449000000,563000000,467000000,628000000,550000000,445000000,501000000,307000000,470000000,387000000,434000000,333000000,439000000,746000000,617000000,709000000,895000000,700000000,918000000,501000000,471000000,636000000,650000000,559000000,533000000,670000000,858000000,1030000000,832000000,433000000,1740000000,1770000000,480000000,589000000,488000000,524000000,539000000,663000000,755000000,663000000,753000000
Cape Verde,,29300000,,,,,22900000,6500000,,80000,,,,,,29600000,80700000,77600000,93400000,72100000,129000000,112000000,120000000,135000000,159000000,163000000,210000000,141000000,127000000,141000000,153000000,143000000,147000000,155000000,158000000,135000000,140000000,148000000,175000000,181000000,137000000,116000000,128000000,171000000,156000000,173000000,141000000,152000000,193000000,176000000,295000000,208000000,220000000,211000000,200000000,153000000,112000000
Central African Republic,280000,3790000,9910000,17200000,131000000,113000000,107000000,137000000,113000000,126000000,88700000,88500000,130000000,112000000,149000000,181000000,128000000,136000000,131000000,186000000,218000000,225000000,208000000,224000000,331000000,259000000,254000000,290000000,311000000,293000000,338000000,229000000,215000000,215000000,206000000,165000000,183000000,107000000,149000000,147000000,94300000,104000000,77300000,59600000,118000000,94500000,138000000,167000000,237000000,222000000,242000000,225000000,204000000,180000000,538000000,487000000,501000000
Chad,280000,30900000,49900000,48500000,120000000,129000000,130000000,136000000,137000000,152000000,140000000,175000000,155000000,200000000,317000000,228000000,200000000,257000000,329000000,202000000,76500000,137000000,153000000,218000000,285000000,450000000,316000000,338000000,417000000,403000000,427000000,359000000,304000000,295000000,269000000,265000000,343000000,292000000,225000000,244000000,187000000,278000000,317000000,299000000,365000000,417000000,301000000,352000000,396000000,532000000,468000000,409000000,437000000,417000000,348000000,607000000,625000000
Chile,113000000,729000000,959000000,926000000,841000000,671000000,867000000,651000000,501000000,535000000,388000000,258000000,244000000,207000000,89900000,441000000,27600000,34600000,23900000,-71600000,-27100000,-16000000,-15200000,6400000,14700000,98500000,-9450000,24000000,59300000,91000000,130000000,152000000,151000000,219000000,172000000,133000000,203000000,146000000,124000000,79400000,60600000,78600000,12900000,92600000,65700000,177000000,99400000,98600000,89200000,69500000,169000000,143000000,109000000,69000000,210000000,54300000,178000000
China,,,,,,,,,,,,,,,,,,,,38600000,138000000,1060000000,1120000000,1430000000,1720000000,2070000000,1820000000,2020000000,2640000000,2830000000,2580000000,2390000000,3410000000,3580000000,3260000000,3280000000,2750000000,2390000000,2770000000,2560000000,1990000000,1810000000,1740000000,1400000000,1610000000,1690000000,1240000000,1340000000,1140000000,1010000000,655000000,-486000000,17800000,-575000000,-875000000,-332000000,-697000000
Colombia,-78200000,273000000,293000000,463000000,351000000,222000000,549000000,638000000,1120000000,650000000,831000000,643000000,561000000,619000000,413000000,287000000,248000000,144000000,184000000,120000000,184000000,226000000,228000000,201000000,211000000,159000000,125000000,123000000,93900000,101000000,113000000,149000000,298000000,117000000,84700000,191000000,212000000,244000000,218000000,405000000,264000000,529000000,593000000,1020000000,621000000,722000000,1100000000,747000000,990000000,1070000000,644000000,963000000,728000000,785000000,1090000000,1360000000,1110000000
Comoros,,,,,,,40200000,62200000,50500000,38400000,48500000,50700000,50200000,71500000,106000000,68400000,82900000,39200000,37500000,45600000,90300000,104000000,88900000,88200000,105000000,116000000,88300000,87000000,78300000,68200000,59500000,84500000,59200000,60700000,48100000,44900000,44800000,38000000,50500000,28300000,28100000,40000000,37800000,28700000,27100000,23800000,31800000,40800000,35300000,43200000,63600000,46400000,89400000,70700000,65300000,65800000,54600000
"Congo, Dem. Rep.",730000000,765000000,889000000,860000000,937000000,1020000000,642000000,628000000,507000000,547000000,558000000,622000000,622000000,601000000,691000000,854000000,626000000,765000000,790000000,925000000,871000000,886000000,826000000,782000000,789000000,771000000,845000000,1120000000,877000000,1130000000,1210000000,639000000,348000000,234000000,306000000,216000000,194000000,205000000,169000000,182000000,262000000,366000000,1600000000,6490000000,2060000000,1920000000,2340000000,1270000000,1600000000,2230000000,3200000000,4970000000,2590000000,2340000000,2180000000,2600000000,2120000000
"Congo, Rep.",200000,1650000,27600000,46200000,133000000,112000000,169000000,129000000,139000000,107000000,95000000,99700000,117000000,114000000,152000000,183000000,240000000,145000000,210000000,203000000,183000000,178000000,211000000,255000000,251000000,181000000,202000000,219000000,134000000,143000000,287000000,176000000,142000000,158000000,453000000,143000000,514000000,340000000,83400000,193000000,47100000,105000000,79800000,81600000,123000000,1450000000,258000000,108000000,401000000,247000000,1180000000,222000000,126000000,133000000,92100000,88800000,87500000
Costa Rica,22100000,36500000,57500000,64600000,87600000,93800000,84700000,88700000,66200000,90000000,78600000,82600000,87400000,99400000,91700000,110000000,83200000,77900000,121000000,127000000,137000000,121000000,179000000,529000000,454000000,585000000,372000000,408000000,315000000,374000000,325000000,230000000,161000000,134000000,91800000,39100000,-13600000,-4530000,26900000,-5700000,30900000,14100000,10700000,34200000,15300000,26600000,20400000,49100000,58000000,85700000,74500000,27800000,28100000,28700000,49100000,111000000,97400000
Cote d'Ivoire,1040000,28300000,74900000,69800000,275000000,273000000,247000000,230000000,292000000,314000000,323000000,293000000,240000000,268000000,304000000,327000000,362000000,317000000,332000000,353000000,415000000,279000000,329000000,380000000,321000000,296000000,333000000,388000000,670000000,627000000,910000000,836000000,940000000,965000000,1990000000,1340000000,1100000000,555000000,1260000000,565000000,491000000,286000000,1500000000,302000000,173000000,96400000,248000000,162000000,531000000,2150000000,775000000,1240000000,2600000000,1150000000,833000000,653000000,656000000
Croatia,,,,,,,,,,,,,,,,,,,,,,,,,,,,,,,,,10000,,144000000,64100000,150000000,57400000,60300000,67000000,95500000,168000000,182000000,150000000,137000000,132000000,201000000,151000000,202000000,145000000,115000000,,,,,,
Cuba,1830000,1430000,290000,-1190000,3160000,3890000,4780000,4840000,4150000,8020000,10600000,13400000,17400000,21300000,53400000,60700000,140000000,129000000,127000000,106000000,96000000,61200000,80200000,84300000,85500000,97400000,79600000,81500000,93900000,92800000,70000000,48400000,30600000,59400000,61400000,76500000,69400000,86700000,106000000,81600000,67200000,81800000,87900000,92200000,110000000,96500000,85800000,92600000,110000000,102000000,120000000,75400000,74600000,87300000,196000000,553000000,2680000000
Cyprus,246000000,183000000,129000000,99400000,40100000,54800000,12300000,9390000,5450000,22200000,37000000,32800000,38300000,35500000,87100000,110000000,191000000,295000000,133000000,73800000,118000000,105000000,71900000,43400000,40200000,80600000,67200000,72200000,71800000,66500000,57600000,57900000,36300000,47900000,60100000,26600000,29000000,,,,,,,,,,,,,,,,,,,,
Djibouti,,,,,,,42600000,62500000,60000000,63700000,72400000,61200000,65800000,78400000,113000000,105000000,86200000,137000000,274000000,50500000,151000000,143000000,136000000,155000000,250000000,199000000,220000000,171000000,143000000,118000000,281000000,138000000,137000000,179000000,155000000,106000000,104000000,104000000,97500000,93500000,93600000,84800000,99000000,90800000,67400000,76600000,116000000,104000000,124000000,145000000,114000000,120000000,129000000,130000000,146000000,170000000,185000000
Dominica,,,,,,,,,,,,,,390000,17200000,31000000,17300000,18600000,24100000,25100000,39900000,34700000,38900000,24200000,36600000,40600000,24500000,27200000,29200000,37800000,26800000,23900000,16500000,12900000,23800000,25300000,51600000,17500000,24800000,11100000,18500000,26400000,35900000,12400000,28500000,22200000,19700000,17700000,18000000,31300000,28500000,19700000,22600000,17100000,13900000,11700000,8130000
Dominican Republic,1290000,1130000,128000000,293000000,139000000,462000000,300000000,336000000,362000000,233000000,220000000,153000000,134000000,108000000,79700000,103000000,109000000,103000000,134000000,193000000,278000000,231000000,298000000,219000000,395000000,424000000,171000000,215000000,182000000,223000000,141000000,89300000,76300000,-23800000,76500000,110000000,112000000,84800000,150000000,241000000,67200000,133000000,184000000,71300000,83600000,80400000,59300000,111000000,140000000,107000000,162000000,193000000,240000000,133000000,147000000,280000000,176000000
Ecuador,36900000,63900000,78200000,113000000,127000000,129000000,159000000,164000000,146000000,116000000,135000000,141000000,121000000,155000000,179000000,240000000,261000000,169000000,113000000,151000000,95300000,133000000,124000000,148000000,320000000,307000000,279000000,372000000,275000000,249000000,223000000,321000000,299000000,309000000,266000000,247000000,285000000,194000000,219000000,193000000,205000000,250000000,302000000,222000000,186000000,252000000,203000000,201000000,203000000,188000000,139000000,150000000,141000000,136000000,146000000,318000000,242000000
Egypt,1440000000,726000000,1170000000,1350000000,1540000000,809000000,613000000,239000000,231000000,68200000,1040000000,763000000,693000000,3840000000,5350000000,8660000000,8100000000,8120000000,7290000000,3850000000,3210000000,2930000000,3220000000,3140000000,3790000000,3660000000,3110000000,3010000000,2420000000,2670000000,8960000000,7790000000,5110000000,3330000000,3560000000,2400000000,2660000000,2570000000,2610000000,2110000000,1880000000,1800000000,1740000000,1230000000,1700000000,1160000000,946000000,1140000000,1580000000,917000000,551000000,356000000,1580000000,4940000000,3140000000,2500000000,2130000000
El Salvador,4190000,45200000,38400000,82600000,82200000,88300000,123000000,88600000,78300000,68700000,76100000,65300000,86000000,98300000,115000000,131000000,99200000,136000000,141000000,140000000,223000000,377000000,475000000,611000000,534000000,699000000,641000000,763000000,716000000,735000000,542000000,439000000,580000000,567000000,411000000,348000000,344000000,343000000,229000000,224000000,222000000,323000000,314000000,229000000,250000000,210000000,159000000,90100000,205000000,251000000,267000000,270000000,220000000,153000000,89800000,89700000,129000000
Equatorial Guinea,,,,,,,,,,,,,,4370000,62000000,7520000,1400000,2590000,1590000,6360000,19800000,23800000,34600000,26600000,37100000,41400000,39100000,92500000,74400000,91400000,82200000,82800000,76100000,70100000,38500000,39200000,37100000,32300000,30300000,27600000,33000000,21000000,28700000,24600000,30300000,38600000,25400000,27100000,26500000,26400000,74900000,20100000,12700000,3880000,200000,7490000,6870000
Eritrea,,,,,,,,,,,,160000,,2680000,8390000,5590000,,6530000,13200000,9820000,10200000,12600000,10300000,10300000,10500000,,1910000,3300000,3070000,,6250000,,1270000,101000000,210000000,185000000,199000000,160000000,221000000,203000000,255000000,417000000,311000000,386000000,302000000,388000000,128000000,148000000,129000000,132000000,150000000,113000000,122000000,73000000,75300000,94100000,67100000
Ethiopia,131000000,161000000,176000000,164000000,108000000,138000000,162000000,180000000,271000000,228000000,239000000,243000000,228000000,290000000,471000000,455000000,475000000,342000000,373000000,451000000,454000000,569000000,475000000,811000000,922000000,1770000000,1280000000,1070000000,1560000000,1160000000,1410000000,1500000000,1500000000,1450000000,1390000000,1040000000,973000000,753000000,874000000,845000000,956000000,1550000000,1790000000,1970000000,2040000000,2120000000,2110000000,2480000000,3100000000,3700000000,3360000000,3210000000,3020000000,3590000000,3270000000,3230000000,4120000000
Fiji,11400000,10300000,107000000,43100000,32400000,38700000,34700000,23300000,53200000,72800000,53500000,71900000,50900000,79200000,69100000,82900000,105000000,91400000,86000000,86900000,85000000,94700000,82900000,81000000,78200000,80700000,88900000,64200000,88200000,69200000,76300000,67000000,92700000,85200000,55100000,55800000,55100000,56500000,50600000,44400000,39300000,38100000,45800000,60000000,72200000,71900000,62300000,50400000,43400000,61700000,65000000,57200000,81600000,75300000,80400000,102000000,108000000
Gabon,180000,5160000,23300000,31900000,107000000,93000000,91500000,102000000,85600000,118000000,147000000,138000000,138000000,179000000,95500000,194000000,105000000,79300000,109000000,80800000,107000000,93500000,143000000,155000000,195000000,155000000,150000000,133000000,162000000,207000000,174000000,189000000,84700000,130000000,226000000,166000000,144000000,50600000,57400000,63400000,18600000,11800000,98900000,-11800000,42200000,51000000,30600000,47800000,53500000,67500000,90200000,56200000,60400000,75200000,95400000,98800000,41100000
Gambia,5710000,14600000,25000000,49800000,23900000,37200000,28100000,24600000,44700000,27300000,9580000,20600000,27000000,31300000,44000000,31300000,41000000,71900000,98000000,83600000,116000000,158000000,108000000,94800000,125000000,116000000,205000000,176000000,135000000,163000000,138000000,138000000,141000000,110000000,84300000,53200000,43900000,50400000,51000000,43600000,66400000,73000000,83900000,72500000,66500000,63900000,76600000,90300000,86900000,116000000,109000000,116000000,125000000,101000000,90000000,108000000,93500000
Georgia,,,,,,,,,,,,,,,,,,,,,,,,,,,,,,,,310000,27800000,152000000,243000000,254000000,376000000,311000000,272000000,318000000,233000000,403000000,419000000,275000000,351000000,318000000,377000000,373000000,868000000,873000000,604000000,532000000,605000000,586000000,513000000,449000000,460000000
Ghana,20900000,20600000,45500000,125000000,156000000,303000000,396000000,303000000,425000000,453000000,351000000,322000000,281000000,179000000,137000000,424000000,210000000,279000000,308000000,416000000,418000000,331000000,334000000,258000000,518000000,466000000,694000000,683000000,876000000,1090000000,759000000,1160000000,773000000,804000000,645000000,709000000,743000000,612000000,865000000,750000000,773000000,908000000,933000000,1170000000,1500000000,1210000000,1260000000,1080000000,1170000000,1490000000,1600000000,1630000000,1630000000,1200000000,1010000000,1770000000,1320000000
Grenada,,,,,,,,,,,,,,220000,9010000,9960000,8770000,11000000,7440000,6980000,8530000,14300000,14200000,17800000,58600000,71700000,46900000,33900000,32700000,23400000,19000000,21300000,16700000,10200000,29900000,10900000,12700000,10200000,7730000,12700000,19600000,14500000,13300000,10800000,16100000,56000000,27600000,24800000,28200000,41900000,29800000,8570000,6790000,11200000,35200000,24100000,8240000
Guatemala,99300000,87200000,57900000,74500000,75700000,93000000,64800000,105000000,93300000,97000000,117000000,98400000,126000000,112000000,100000000,137000000,217000000,189000000,193000000,163000000,162000000,170000000,144000000,166000000,145000000,176000000,255000000,424000000,394000000,435000000,301000000,279000000,278000000,281000000,273000000,237000000,214000000,335000000,304000000,367000000,338000000,307000000,335000000,291000000,235000000,265000000,483000000,404000000,456000000,342000000,357000000,336000000,281000000,458000000,258000000,411000000,265000000
Guinea,1420000,20800000,75400000,167000000,89600000,148000000,87700000,48800000,37000000,82500000,64900000,51000000,23200000,53100000,76200000,85400000,34800000,67500000,164000000,133000000,192000000,246000000,267000000,159000000,294000000,272000000,329000000,353000000,383000000,568000000,394000000,503000000,555000000,525000000,446000000,454000000,349000000,489000000,451000000,303000000,204000000,403000000,340000000,294000000,296000000,207000000,179000000,243000000,313000000,193000000,202000000,175000000,569000000,411000000,499000000,538000000,559000000
Guinea-Bissau,,8730000,,,,,21800000,4670000,,850000,,1280000,,40000,39300000,69100000,78500000,116000000,132000000,119000000,119000000,143000000,149000000,153000000,141000000,139000000,136000000,186000000,158000000,191000000,179000000,154000000,137000000,126000000,244000000,136000000,218000000,161000000,125000000,71600000,121000000,92500000,84300000,172000000,83300000,69700000,88800000,115000000,115000000,130000000,116000000,102000000,72500000,93500000,97100000,95000000,198000000
Guyana,79700000,91100000,77000000,54800000,42400000,50900000,65200000,72400000,99400000,112000000,104000000,88000000,62200000,33800000,46900000,36700000,73300000,34600000,85600000,85400000,93400000,149000000,91400000,70900000,53700000,61800000,57500000,49000000,43700000,71300000,231000000,174000000,120000000,146000000,108000000,104000000,170000000,342000000,121000000,114000000,158000000,155000000,96600000,115000000,157000000,161000000,181000000,120000000,149000000,163000000,154000000,135000000,104000000,90800000,132000000,32100000,69800000
Haiti,61000000,80900000,30200000,21500000,24800000,39100000,25000000,21200000,32900000,28600000,40300000,30200000,31600000,33100000,52700000,191000000,231000000,264000000,249000000,224000000,233000000,240000000,282000000,295000000,301000000,334000000,344000000,366000000,222000000,316000000,244000000,253000000,141000000,174000000,892000000,954000000,456000000,430000000,545000000,356000000,283000000,237000000,210000000,262000000,341000000,473000000,618000000,706000000,873000000,1080000000,2940000000,1550000000,1180000000,1070000000,991000000,1050000000,1070000000
Honduras,29800000,38900000,39100000,62400000,89100000,78600000,66500000,68700000,113000000,106000000,109000000,77300000,77600000,63000000,102000000,177000000,130000000,174000000,248000000,237000000,230000000,249000000,358000000,424000000,636000000,564000000,514000000,433000000,510000000,399000000,652000000,426000000,485000000,441000000,365000000,448000000,405000000,369000000,417000000,1040000000,604000000,893000000,538000000,459000000,715000000,716000000,601000000,440000000,513000000,429000000,600000000,546000000,512000000,566000000,551000000,541000000,411000000
India,5420000000,4710000000,4620000000,6510000000,8100000000,8320000000,7910000000,8500000000,5690000000,5300000000,4640000000,5330000000,3170000000,3470000000,4940000000,5620000000,5980000000,3160000000,3140000000,3320000000,4740000000,4510000000,3810000000,4300000000,4100000000,3870000000,3800000000,2710000000,3000000000,2680000000,1920000000,3380000000,2950000000,1820000000,2500000000,1780000000,2060000000,1920000000,1910000000,1640000000,1670000000,2200000000,2180000000,708000000,896000000,1960000000,1410000000,1230000000,1800000000,2310000000,2520000000,2760000000,1400000000,2180000000,2680000000,3170000000,2590000000
Indonesia,739000000,998000000,1280000000,754000000,500000000,376000000,611000000,1680000000,2190000000,2050000000,2770000000,3250000000,2470000000,2580000000,2480000000,2350000000,2180000000,1510000000,1560000000,1660000000,1980000000,2090000000,2000000000,1640000000,1540000000,1410000000,1320000000,1730000000,2030000000,2340000000,2150000000,2100000000,2040000000,1990000000,1530000000,1170000000,945000000,861000000,1380000000,2080000000,1810000000,1700000000,1590000000,1820000000,276000000,2500000000,1430000000,865000000,1130000000,1130000000,1270000000,439000000,176000000,64400000,-362000000,-33400000,13800000
Iran,153000000,811000000,378000000,187000000,50400000,165000000,115000000,282000000,90000000,132000000,143000000,60200000,51600000,-13500000,36100000,6070000,-16500000,104000000,580000000,9280000,55500000,13900000,3780000,110000000,25800000,34500000,51400000,114000000,123000000,143000000,163000000,254000000,147000000,182000000,161000000,175000000,154000000,224000000,190000000,186000000,160000000,150000000,152000000,153000000,200000000,105000000,119000000,94200000,86000000,83000000,101000000,92500000,132000000,113000000,68200000,111000000,118000000
Iraq,9980000,5160000,15000000,32400000,76100000,74500000,26300000,24300000,16400000,28300000,49100000,91000000,114000000,59500000,16600000,377000000,66100000,218000000,169000000,64100000,25000000,588000000,9020000,15700000,-1040000,42100000,44800000,105000000,15800000,24600000,92700000,829000000,176000000,227000000,352000000,426000000,429000000,282000000,158000000,113000000,153000000,187000000,164000000,2890000000,5330000000,24100000000,9650000000,9240000000,9200000000,2990000000,2240000000,1830000000,1170000000,1390000000,1250000000,1480000000,2230000000
Israel,942000000,915000000,852000000,899000000,755000000,928000000,797000000,508000000,428000000,370000000,362000000,385000000,404000000,767000000,440000000,1630000000,2130000000,2490000000,2600000000,3180000000,2150000000,1750000000,1850000000,2780000000,2530000000,3830000000,3650000000,2290000000,2190000000,2030000000,2240000000,2660000000,3160000000,1920000000,1850000000,490000000,3200000000,,,,,,,,,,,,,,,,,,,,
Jamaica,,103000000,117000000,22400000,26300000,74700000,70300000,60200000,116000000,91800000,60200000,122000000,88300000,85200000,108000000,84300000,85800000,100000000,363000000,300000000,271000000,353000000,396000000,389000000,365000000,347000000,340000000,300000000,318000000,416000000,387000000,215000000,173000000,150000000,162000000,134000000,64000000,85400000,22200000,-24300000,26100000,88400000,38400000,13000000,94100000,48000000,39800000,23900000,72500000,134000000,125000000,39300000,31600000,66000000,84300000,59100000,28900000
Jordan,616000000,636000000,558000000,553000000,507000000,454000000,483000000,345000000,295000000,303000000,471000000,332000000,510000000,885000000,1210000000,1720000000,1920000000,1360000000,1280000000,3490000000,3440000000,2810000000,2060000000,1950000000,1630000000,1420000000,1190000000,1070000000,740000000,530000000,1280000000,1120000000,511000000,405000000,427000000,569000000,559000000,557000000,532000000,548000000,714000000,613000000,756000000,1630000000,717000000,802000000,641000000,653000000,744000000,759000000,958000000,961000000,1120000000,1310000000,2540000000,2150000000,2750000000
Kazakhstan,,,,,,,,,,,,,,,,,,,,,,,,,,,,,,,,147000000,15500000,22000000,71900000,76200000,158000000,168000000,262000000,202000000,212000000,191000000,246000000,308000000,275000000,231000000,185000000,208000000,325000000,281000000,200000000,181000000,121000000,82200000,83900000,82500000,65800000
Kenya,220000000,622000000,464000000,526000000,521000000,596000000,420000000,285000000,458000000,411000000,391000000,413000000,402000000,448000000,490000000,435000000,540000000,501000000,679000000,819000000,847000000,1030000000,1140000000,925000000,1010000000,1040000000,883000000,931000000,1260000000,1620000000,1630000000,1170000000,1090000000,1150000000,815000000,765000000,675000000,554000000,525000000,384000000,669000000,662000000,523000000,632000000,708000000,802000000,983000000,1290000000,1300000000,1760000000,1590000000,2280000000,2480000000,3050000000,2450000000,2460000000,2200000000
Kiribati,210000,2660000,3160000,4000000,2620000,3810000,5200000,11900000,11800000,11800000,17000000,18000000,27100000,35500000,29900000,25800000,19300000,25600000,35400000,25400000,42400000,34900000,35400000,41600000,30400000,31100000,27700000,31200000,24300000,27000000,27600000,26700000,32200000,21300000,21700000,19000000,15800000,19700000,23900000,25300000,24500000,21500000,30200000,24400000,20300000,29200000,27000000,26800000,25600000,25300000,20400000,50700000,50300000,53600000,69500000,65000000,63000000
Kuwait,,-1200000,-18000000,-7100000,-6030000,-8590000,-9400000,-9340000,70000,2110000,2030000,2800000,2910000,1720000,1440000,1120000,590000,1400000,2150000,2580000,20600000,21200000,13500000,12100000,11200000,10500000,9160000,5050000,7530000,7010000,17500000,15600000,8120000,2440000,5320000,4540000,,,,,,,,,,,,,,,,,,,,,
Kyrgyz Republic,,,,,,,,,,,,,,,,,,,,,,,,,,,,,,,,,28900000,139000000,206000000,305000000,261000000,300000000,305000000,342000000,267000000,253000000,252000000,234000000,288000000,284000000,325000000,267000000,327000000,294000000,351000000,459000000,410000000,458000000,518000000,770000000,522000000
Lao,211000000,323000000,196000000,236000000,290000000,421000000,424000000,441000000,354000000,369000000,363000000,357000000,310000000,320000000,230000000,133000000,89700000,87300000,178000000,120000000,93000000,92000000,102000000,82000000,84500000,90000000,88300000,89200000,110000000,212000000,200000000,180000000,202000000,251000000,248000000,312000000,372000000,393000000,335000000,327000000,333000000,324000000,352000000,338000000,280000000,309000000,372000000,381000000,448000000,384000000,365000000,337000000,347000000,371000000,421000000,471000000,394000000
Lebanon,90300000,86300000,62700000,54600000,24200000,58700000,56000000,56800000,123000000,56300000,112000000,32600000,72400000,53100000,546000000,50700000,135000000,422000000,632000000,298000000,644000000,1040000000,443000000,295000000,179000000,193000000,122000000,172000000,231000000,193000000,398000000,170000000,141000000,187000000,292000000,217000000,280000000,334000000,442000000,255000000,284000000,278000000,275000000,630000000,287000000,245000000,843000000,931000000,953000000,542000000,414000000,421000000,679000000,548000000,725000000,975000000,1150000000
Lesotho,16400000,42300000,57900000,54600000,53100000,83500000,103000000,110000000,112000000,101000000,56300000,100000000,77000000,67900000,88900000,108000000,97500000,118000000,145000000,164000000,205000000,237000000,215000000,249000000,235000000,219000000,169000000,179000000,179000000,217000000,196000000,170000000,186000000,198000000,153000000,136000000,121000000,118000000,79700000,41700000,54700000,78200000,103000000,91700000,102000000,70100000,71400000,124000000,129000000,116000000,243000000,237000000,267000000,308000000,99900000,83100000,113000000
Liberia,64600000,198000000,636000000,276000000,104000000,232000000,240000000,152000000,90700000,88800000,65800000,61200000,58500000,43900000,56800000,69300000,87800000,97700000,125000000,191000000,215000000,246000000,239000000,260000000,282000000,194000000,181000000,129000000,101000000,92800000,161000000,223000000,155000000,164000000,86800000,145000000,201000000,100000000,97600000,125000000,93000000,54800000,75400000,131000000,247000000,245000000,276000000,1080000000,1160000000,484000000,1290000000,675000000,523000000,489000000,681000000,1090000000,810000000
Libya,310000000,282000000,241000000,194000000,149000000,59800000,14100000,19300000,44300000,49900000,27900000,19000000,38800000,64900000,55700000,5530000,31500000,25100000,17000000,8920000,28100000,10400000,246000000,12600000,11600000,13300000,22600000,10000000,8510000,15600000,11000000,9800000,4060000,3690000,4920000,6370000,4240000,4950000,7020000,6010000,,,,,,24500000,41600000,18500000,66500000,36200000,7650000,599000000,83200000,115000000,189000000,157000000,182000000
"Macedonia, FYR",,,,,,,,,,,,,,,,,,,,,,,,,,,,,,,,,,4540000,135000000,86600000,123000000,122000000,133000000,360000000,362000000,359000000,382000000,321000000,292000000,243000000,208000000,190000000,180000000,175000000,173000000,165000000,133000000,173000000,185000000,214000000,170000000
Madagascar,26100000,13800000,41700000,69900000,352000000,367000000,333000000,294000000,318000000,287000000,296000000,274000000,287000000,229000000,253000000,286000000,212000000,191000000,250000000,319000000,487000000,530000000,559000000,434000000,382000000,455000000,596000000,549000000,453000000,551000000,553000000,600000000,457000000,459000000,354000000,338000000,405000000,1070000000,620000000,453000000,435000000,526000000,508000000,643000000,1330000000,956000000,802000000,842000000,762000000,402000000,449000000,394000000,334000000,443000000,522000000,677000000,621000000
Malawi,44000000,84300000,115000000,161000000,300000000,293000000,258000000,241000000,351000000,214000000,251000000,196000000,209000000,155000000,188000000,239000000,235000000,267000000,283000000,347000000,307000000,311000000,283000000,271000000,442000000,279000000,373000000,447000000,582000000,663000000,694000000,748000000,741000000,650000000,565000000,507000000,582000000,431000000,556000000,577000000,602000000,586000000,515000000,617000000,550000000,605000000,735000000,721000000,837000000,741000000,955000000,722000000,1080000000,1030000000,842000000,1050000000,1260000000
Malaysia,135000000,183000000,171000000,94800000,142000000,178000000,213000000,162000000,248000000,219000000,182000000,258000000,274000000,203000000,265000000,342000000,213000000,221000000,182000000,267000000,279000000,308000000,291000000,382000000,658000000,503000000,409000000,485000000,165000000,184000000,543000000,322000000,211000000,169000000,96200000,103000000,-341000000,-196000000,198000000,133000000,57600000,37100000,102000000,108000000,261000000,31600000,226000000,192000000,136000000,117000000,7500000,40900000,19400000,-91600000,17400000,-600000,-41400000
Maldives,290000,2610000,4660000,2820000,2570000,980000,13800000,2950000,2060000,1110000,1580000,5820000,3750000,2960000,2480000,11100000,10800000,11500000,19600000,14800000,45600000,28000000,12400000,24300000,12000000,19900000,31000000,27100000,32800000,38300000,27500000,40800000,42700000,36600000,32400000,59500000,35500000,30200000,28700000,32000000,23100000,31500000,34600000,24100000,29800000,77300000,39200000,35400000,48700000,28400000,95800000,46000000,48900000,18300000,19500000,26800000,26200000
Mali,630000,16400000,80500000,57600000,130000000,157000000,175000000,116000000,188000000,144000000,134000000,166000000,191000000,319000000,466000000,499000000,289000000,338000000,410000000,440000000,575000000,522000000,492000000,514000000,819000000,933000000,742000000,608000000,691000000,710000000,672000000,620000000,558000000,501000000,563000000,606000000,564000000,549000000,448000000,464000000,411000000,505000000,579000000,662000000,635000000,765000000,890000000,946000000,851000000,911000000,1020000000,1130000000,929000000,1230000000,1090000000,1200000000,1210000000
Malta,130000000,100000000,86900000,168000000,184000000,146000000,147000000,134000000,153000000,126000000,149000000,103000000,82600000,140000000,97700000,126000000,113000000,105000000,112000000,125000000,36100000,138000000,69300000,118000000,30000000,45900000,13400000,-2250000,-4360000,-8130000,7430000,29700000,5580000,45600000,62900000,13300000,91600000,30900000,30100000,35200000,33800000,2750000,15800000,,,,,,,,,,,,,,
Marshall Islands,,,,,,,,,,,,,,,,,,,,,,,,,,,,,,,,370000,7820000,44800000,70400000,50000000,94700000,84400000,65200000,81200000,75200000,96500000,79900000,70400000,60800000,64400000,63200000,58200000,56800000,61800000,29300000,84700000,81700000,92200000,55100000,57100000,11900000
Mauritania,330000,9520000,20000000,14400000,88000000,65500000,145000000,83700000,146000000,76600000,45900000,81300000,66900000,133000000,387000000,290000000,693000000,550000000,647000000,411000000,378000000,505000000,433000000,418000000,416000000,494000000,440000000,322000000,286000000,398000000,326000000,289000000,247000000,414000000,319000000,239000000,306000000,291000000,206000000,277000000,302000000,401000000,501000000,302000000,206000000,197000000,219000000,321000000,405000000,341000000,341000000,326000000,367000000,259000000,230000000,318000000,290000000
Mauritius,5340000,55900000,41800000,56000000,19600000,18400000,36000000,42100000,87600000,44200000,42100000,56700000,55100000,65300000,107000000,99900000,58800000,70900000,117000000,74400000,69900000,127000000,112000000,97000000,82500000,65300000,104000000,103000000,88100000,89000000,117000000,88000000,58300000,35200000,20500000,27500000,25100000,54500000,51000000,55300000,29600000,30600000,33600000,-17200000,34200000,33100000,18600000,61000000,89600000,137000000,111000000,156000000,156000000,124000000,36300000,78400000,42000000
Mexico,-11400000,410000000,197000000,142000000,-22800000,249000000,249000000,272000000,438000000,347000000,480000000,238000000,295000000,265000000,209000000,195000000,205000000,148000000,34700000,165000000,113000000,215000000,325000000,284000000,183000000,317000000,429000000,248000000,256000000,145000000,211000000,353000000,377000000,549000000,475000000,313000000,265000000,112000000,48400000,62400000,-11100000,143000000,190000000,145000000,156000000,230000000,276000000,128000000,156000000,204000000,460000000,906000000,408000000,523000000,729000000,321000000,804000000
"Micronesia, Fed. Sts.",,,,,,,,,,,,,,,,,,,,,,,,,,,,,,,,620000,13600000,85700000,141000000,96700000,156000000,126000000,108000000,144000000,132000000,178000000,143000000,143000000,104000000,124000000,124000000,127000000,101000000,129000000,62700000,129000000,144000000,142000000,117000000,81400000,49900000
Moldova,,,,,,,,,,,,,,,,,,,,,,,,,,,,,,,,,,,,,,84400000,52900000,141000000,168000000,164000000,191000000,145000000,135000000,183000000,234000000,254000000,267000000,226000000,439000000,399000000,430000000,315000000,465000000,313000000,329000000
Mongolia,,,,,,,,,,,,,,,,,11300000,10400000,9100000,8040000,5200000,5360000,5470000,4560000,5080000,12000000,12300000,7430000,5550000,8680000,17200000,76700000,138000000,131000000,195000000,189000000,197000000,288000000,231000000,246000000,241000000,266000000,255000000,282000000,266000000,225000000,208000000,217000000,228000000,350000000,281000000,303000000,395000000,387000000,284000000,236000000,308000000
Montenegro,,,,,,,,,,,,,,,,,,,,,,,,,,,,,,,,,,,,,,,,,,,,9640000,22000000,4100000,100000000,98100000,91200000,68900000,72000000,107000000,92500000,101000000,85700000,100000000,85300000
Morocco,376000000,717000000,538000000,632000000,671000000,698000000,609000000,400000000,578000000,483000000,482000000,694000000,482000000,392000000,441000000,878000000,821000000,1840000000,1110000000,1240000000,2480000000,2340000000,1950000000,1050000000,801000000,2030000000,813000000,695000000,748000000,782000000,1680000000,2050000000,1170000000,1020000000,852000000,569000000,733000000,595000000,677000000,874000000,592000000,691000000,498000000,664000000,804000000,759000000,1090000000,1100000000,1240000000,887000000,867000000,1230000000,1320000000,1770000000,1940000000,1480000000,1980000000
Mozambique,150000,38700000,650000,1540000,-440000,,64000000,165000000,130000,420000,780000,1120000,1090000,730000,3040000,64100000,223000000,238000000,286000000,342000000,353000000,324000000,490000000,519000000,661000000,745000000,844000000,1160000000,1490000000,1290000000,1410000000,1490000000,1900000000,1660000000,1620000000,1280000000,1090000000,1260000000,1400000000,1090000000,1320000000,1410000000,3090000000,1260000000,1360000000,1370000000,1670000000,1670000000,1790000000,1870000000,1810000000,1840000000,1890000000,2100000000,1900000000,1810000000,1530000000
Myanmar,336000000,195000000,274000000,366000000,182000000,137000000,130000000,95600000,114000000,190000000,143000000,240000000,223000000,281000000,240000000,197000000,230000000,306000000,653000000,782000000,635000000,585000000,707000000,656000000,594000000,761000000,628000000,495000000,532000000,234000000,204000000,207000000,119000000,95500000,139000000,118000000,32700000,56900000,95400000,91600000,116000000,145000000,145000000,140000000,132000000,151000000,149000000,186000000,490000000,333000000,323000000,324000000,429000000,3350000000,1220000000,1170000000,1500000000
Namibia,,,,,,,,,,,,,90000,,,,,,,,,,,30000,,13900000,29700000,27400000,34100000,94700000,171000000,250000000,182000000,206000000,180000000,212000000,224000000,218000000,240000000,236000000,223000000,164000000,189000000,178000000,193000000,123000000,159000000,214000000,193000000,307000000,252000000,256000000,249000000,252000000,217000000,142000000,169000000
Nauru,,,,,,,,,,,,,,,,40000,,30000,,50000,80000,50000,40000,60000,70000,140000,110000,130000,330000,80000,270000,610000,610000,640000,15100000,3770000,4590000,3980000,3860000,7520000,5200000,15500000,23100000,26000000,18800000,11200000,21300000,26900000,31000000,24300000,24000000,27700000,26500000,22600000,19000000,31300000,23300000
Nepal,55600000,68900000,57600000,107000000,124000000,112000000,97700000,86100000,66700000,70500000,125000000,133000000,154000000,161000000,139000000,159000000,173000000,252000000,207000000,323000000,350000000,400000000,454000000,457000000,456000000,529000000,544000000,555000000,611000000,752000000,579000000,565000000,524000000,444000000,523000000,448000000,443000000,491000000,515000000,436000000,488000000,529000000,439000000,546000000,458000000,445000000,547000000,589000000,641000000,813000000,762000000,781000000,694000000,795000000,798000000,1220000000,1080000000
Nicaragua,48100000,51100000,43800000,49300000,57800000,64600000,99900000,98100000,96500000,97800000,118000000,94500000,64100000,139000000,180000000,144000000,130000000,113000000,117000000,270000000,493000000,336000000,285000000,292000000,294000000,281000000,318000000,248000000,355000000,389000000,489000000,1200000000,850000000,424000000,777000000,729000000,1040000000,529000000,796000000,875000000,753000000,1380000000,703000000,993000000,1330000000,811000000,762000000,787000000,663000000,716000000,604000000,589000000,474000000,432000000,383000000,458000000,430000000
Niger,380000,17200000,36100000,34100000,106000000,102000000,151000000,148000000,195000000,206000000,190000000,227000000,217000000,316000000,538000000,463000000,430000000,291000000,410000000,391000000,341000000,435000000,597000000,415000000,393000000,704000000,598000000,589000000,568000000,482000000,531000000,499000000,451000000,441000000,455000000,314000000,294000000,425000000,376000000,242000000,290000000,375000000,405000000,565000000,584000000,550000000,556000000,543000000,544000000,426000000,686000000,566000000,805000000,705000000,811000000,868000000,951000000
Nigeria,331000000,291000000,256000000,140000000,329000000,574000000,486000000,495000000,494000000,556000000,665000000,563000000,409000000,345000000,276000000,280000000,171000000,130000000,107000000,61600000,72000000,91800000,81500000,104000000,81700000,79100000,108000000,104000000,156000000,472000000,336000000,350000000,320000000,392000000,249000000,235000000,227000000,254000000,265000000,194000000,232000000,234000000,399000000,375000000,637000000,6550000000,11300000000,1840000000,1230000000,1610000000,2010000000,1690000000,1810000000,2360000000,2280000000,2430000000,2550000000
North Korea,,,,,,,,,,,,,,,,,,,134000000,,,,,,,12800000,10400000,26300000,13900000,12900000,10700000,11600000,13300000,17800000,7030000,15200000,31900000,122000000,143000000,277000000,112000000,182000000,360000000,162000000,185000000,95700000,58700000,101000000,214000000,64000000,74600000,98000000,82600000,87800000,121000000,131000000,122000000
Oman,2640000,3380000,4340000,3510000,38400000,15900000,5260000,7890000,460000,350000,550000,11100000,48600000,97800000,663000000,484000000,571000000,1120000000,163000000,578000000,477000000,564000000,312000000,162000000,247000000,175000000,197000000,76400000,9160000,36600000,94500000,17400000,52300000,171000000,206000000,79700000,94700000,125000000,712000000,63000000,98600000,6180000,102000000,75100000,108000000,19300000,53500000,206000000,68400000,137000000,-20200000,,,,,,
Pakistan,1610000000,1650000000,2480000000,3240000000,3380000000,3280000000,2400000000,2970000000,2430000000,1950000000,2340000000,2260000000,1510000000,1240000000,1810000000,2610000000,3420000000,1910000000,1730000000,1680000000,2550000000,1810000000,2060000000,1630000000,1670000000,1730000000,1700000000,1320000000,2020000000,2150000000,1560000000,1900000000,1270000000,1330000000,1860000000,812000000,1110000000,1110000000,1200000000,896000000,814000000,2570000000,2710000000,1210000000,1540000000,1750000000,2280000000,2230000000,1420000000,2690000000,2940000000,3190000000,1860000000,2060000000,3320000000,3750000000,3010000000
Palau,,,,,,,,,,,,,,,,,,,,,,,,,,,,,,,,,10000,10000,295000000,200000000,87600000,46500000,120000000,33000000,39300000,39500000,35100000,28800000,22700000,25200000,41000000,23800000,43400000,36700000,27400000,27000000,11200000,32100000,22200000,13900000,16600000
Palestine,,,,,,,,,,,,,,,,,,,,,,,,,,,,,,,,,,244000000,630000000,611000000,681000000,800000000,814000000,751000000,928000000,1420000000,1340000000,1260000000,1300000000,1090000000,1400000000,1610000000,2230000000,2710000000,2390000000,2190000000,1800000000,2410000000,2230000000,1870000000,2400000000
Panama,79300000,55400000,66000000,117000000,74400000,227000000,116000000,118000000,70100000,94100000,109000000,158000000,91600000,113000000,95600000,114000000,139000000,108000000,81700000,86600000,102000000,86100000,89500000,102000000,151000000,144000000,95500000,65900000,34900000,31300000,161000000,161000000,212000000,95000000,32400000,41600000,42800000,40600000,28900000,20700000,27000000,41000000,28900000,31000000,23800000,21500000,35400000,-114000000,28200000,53600000,98100000,84400000,45200000,10100000,-163000000,10300000,23700000
Papua New Guinea,80000,80000,,70000,,724000000,726000000,808000000,874000000,892000000,1060000000,955000000,1140000000,858000000,967000000,1080000000,806000000,860000000,888000000,792000000,805000000,765000000,723000000,802000000,746000000,700000000,667000000,689000000,673000000,575000000,661000000,623000000,670000000,530000000,522000000,541000000,513000000,510000000,617000000,356000000,475000000,399000000,393000000,357000000,367000000,335000000,341000000,341000000,315000000,418000000,446000000,462000000,521000000,533000000,492000000,591000000,526000000
Paraguay,74700000,58800000,23800000,64600000,64800000,61800000,78600000,114000000,123000000,106000000,109000000,118000000,124000000,105000000,138000000,128000000,136000000,141000000,106000000,69800000,62400000,114000000,189000000,111000000,112000000,111000000,107000000,112000000,92900000,109000000,70200000,172000000,105000000,127000000,82900000,122000000,87900000,125000000,94000000,91500000,87900000,74700000,69800000,57300000,27200000,49700000,56200000,103000000,122000000,130000000,116000000,90400000,103000000,119000000,58100000,60200000,89100000
Peru,-78600000,-130000000,36300000,75900000,163000000,394000000,286000000,329000000,325000000,230000000,328000000,293000000,313000000,401000000,304000000,267000000,279000000,320000000,374000000,459000000,430000000,519000000,421000000,650000000,699000000,678000000,505000000,482000000,433000000,487000000,557000000,715000000,477000000,698000000,426000000,432000000,387000000,511000000,639000000,514000000,452000000,563000000,620000000,584000000,515000000,493000000,492000000,313000000,421000000,413000000,-129000000,514000000,362000000,333000000,301000000,335000000,327000000
Philippines,468000000,158000000,216000000,182000000,511000000,654000000,320000000,610000000,430000000,513000000,265000000,390000000,793000000,895000000,583000000,611000000,601000000,552000000,633000000,619000000,637000000,765000000,731000000,896000000,790000000,933000000,1500000000,1070000000,1020000000,1120000000,1630000000,1310000000,1880000000,1650000000,1090000000,915000000,931000000,759000000,724000000,725000000,647000000,685000000,643000000,710000000,458000000,567000000,579000000,591000000,70000000,324000000,518000000,-42700000,80000000,192000000,620000000,515000000,307000000
Qatar,,,,-140000,,,70000,70000,,240000,350000,540000,990000,1300000,1990000,2660000,4040000,2520000,320000,360000,1070000,1800000,1920000,2430000,3230000,4330000,3980000,4080000,2540000,6460000,3830000,3620000,3440000,4700000,3580000,3780000,,,,,,,,,,,,,,,,,,,,,
Rwanda,68300000,64600000,93200000,58500000,61200000,63800000,90300000,99100000,115000000,123000000,141000000,151000000,159000000,176000000,185000000,307000000,258000000,283000000,324000000,335000000,326000000,361000000,370000000,362000000,413000000,448000000,406000000,401000000,392000000,360000000,403000000,499000000,445000000,472000000,971000000,843000000,575000000,312000000,464000000,491000000,456000000,441000000,495000000,406000000,536000000,607000000,623000000,740000000,854000000,885000000,982000000,1140000000,810000000,996000000,937000000,1090000000,1160000000
Samoa,,230000,650000,1190000,1450000,1550000,2900000,4900000,6310000,3380000,9100000,11000000,16900000,16200000,23900000,52700000,41600000,69200000,58100000,74300000,57200000,57600000,54200000,65700000,52400000,51000000,44100000,60900000,46900000,48800000,69400000,78700000,72500000,69200000,56100000,50300000,38100000,35900000,49800000,33700000,42600000,64200000,53600000,42000000,38000000,47200000,51300000,38000000,39200000,72200000,132000000,77900000,93700000,96300000,81000000,93700000,86000000
Sao Tome and Principe,840000,10900000,,,,,10100000,3480000,1320000,,,,,,,2890000,39000000,9260000,10600000,6730000,8170000,13700000,23000000,29200000,29000000,30500000,21800000,28200000,37700000,77700000,80600000,71200000,73400000,60500000,63400000,103000000,56700000,44500000,37300000,38000000,51300000,57600000,36900000,44000000,35700000,33700000,22900000,46800000,40600000,26400000,44100000,62400000,44900000,47000000,36200000,49000000,46700000
Saudi Arabia,50500000,-2700000,-63200000,-15900000,-2880000,2520000,2280000,3110000,3260000,8500000,8620000,10600000,11200000,11800000,14000000,10600000,6020000,20200000,15400000,22900000,25800000,55300000,100000000,86200000,73600000,60500000,49300000,33100000,25100000,19200000,17700000,16100000,47200000,29500000,16400000,15000000,12400000,3620000,17800000,22000000,22500000,15000000,19100000,14800000,22400000,24900000,24000000,-125000000,,,,,,,,,
Senegal,1010000,2040000,103000000,88800000,410000000,338000000,302000000,315000000,318000000,343000000,258000000,303000000,238000000,352000000,546000000,462000000,389000000,364000000,571000000,728000000,545000000,899000000,672000000,760000000,873000000,697000000,1140000000,1110000000,929000000,1090000000,1100000000,839000000,816000000,643000000,775000000,713000000,662000000,541000000,639000000,688000000,596000000,604000000,601000000,538000000,1120000000,730000000,879000000,802000000,939000000,922000000,857000000,908000000,962000000,896000000,999000000,879000000,735000000
Serbia,,,,,,,,,,,,,,,,,,,,,,,,,,,,,,,,,,,65800000,109000000,77000000,125000000,148000000,1050000000,1720000000,1970000000,2840000000,1580000000,1290000000,1130000000,1630000000,801000000,859000000,555000000,603000000,1160000000,972000000,662000000,313000000,312000000,632000000
Seychelles,11600000,10200000,4810000,6220000,8860000,13700000,7770000,18600000,22600000,11100000,31700000,55400000,56800000,48700000,46800000,34300000,35600000,45400000,51400000,62200000,44900000,37800000,42500000,37200000,37100000,58000000,57700000,41300000,32100000,32200000,50900000,30200000,25900000,26500000,17000000,13100000,22700000,21900000,31600000,16700000,32300000,17100000,77800000,10800000,11200000,17800000,13600000,5780000,6320000,18800000,47200000,19100000,31000000,23800000,10600000,6780000,5710000
Sierra Leone,70100000,149000000,67800000,83700000,79900000,115000000,71500000,49100000,73600000,56000000,39100000,57300000,51000000,60900000,39200000,56600000,44800000,83000000,107000000,125000000,191000000,138000000,195000000,158000000,140000000,154000000,179000000,112000000,160000000,154000000,80700000,139000000,170000000,285000000,342000000,245000000,223000000,155000000,142000000,102000000,255000000,485000000,524000000,406000000,407000000,357000000,382000000,509000000,343000000,414000000,433000000,376000000,404000000,409000000,828000000,946000000,715000000
Singapore,-2880000,-640000,9030000,4860000,4210000,18700000,14500000,55300000,36500000,127000000,211000000,205000000,177000000,138000000,80500000,41300000,39000000,34900000,13400000,10800000,28300000,44700000,45200000,32000000,82000000,55000000,50000000,34300000,29100000,144000000,450000,4690000,21100000,22600000,14300000,13100000,,,,,,,,,,,,,,,,,,,,,
Slovenia,,,,,,,,,,,,,,,,,,,,,,,,,,,,,,,,,,9770000,41300000,60100000,93900000,126000000,51200000,43600000,92600000,193000000,75300000,,,,,,,,,,,,,,
Solomon Islands,19400000,20400000,22600000,28600000,27300000,36700000,43600000,48200000,59600000,64500000,64600000,50200000,81200000,70200000,65100000,99800000,94000000,71700000,91700000,70900000,101000000,69800000,67000000,68400000,49600000,54000000,68800000,103000000,90100000,75600000,66600000,50200000,63100000,69500000,60800000,54300000,47600000,49000000,59200000,55000000,112000000,108000000,51600000,110000000,164000000,239000000,242000000,259000000,226000000,221000000,298000000,257000000,234000000,234000000,169000000,190000000,180000000
Somalia,224000000,235000000,206000000,265000000,174000000,224000000,347000000,99400000,229000000,222000000,170000000,183000000,159000000,239000000,329000000,580000000,357000000,740000000,713000000,660000000,1070000000,894000000,1130000000,815000000,880000000,844000000,991000000,989000000,685000000,666000000,717000000,246000000,926000000,1300000000,771000000,239000000,107000000,111000000,112000000,161000000,155000000,224000000,216000000,219000000,225000000,258000000,413000000,371000000,718000000,633000000,472000000,950000000,901000000,953000000,992000000,1250000000,1190000000
South Africa,,,,,,,,,,,,,,,,,,,,,,,,,,,,,,,,,,392000000,414000000,501000000,461000000,658000000,688000000,733000000,708000000,634000000,712000000,771000000,684000000,723000000,745000000,771000000,1060000000,1070000000,1030000000,1300000000,1030000000,1200000000,1000000000,1420000000,1170000000
South Korea,1590000000,1430000000,1460000000,1640000000,1070000000,1450000000,1420000000,1570000000,1420000000,1940000000,1480000000,1690000000,1690000000,1140000000,907000000,843000000,716000000,691000000,399000000,298000000,285000000,619000000,80800000,27700000,-49800000,-5150000,-23700000,9870000,1400000,54800000,45800000,50100000,-23600000,-48700000,-104000000,19000000,-140000000,-152000000,-53700000,-51600000,,,,,,,,,,,,,,,,,
South Sudan,,,,,,,,,,,,,,,,,,,,,,,,,,,,,,,,,,,,,,,,,,,,,,,,,,,,382000000,1100000000,1280000000,1820000000,1670000000,1610000000
Sri Lanka,74200000,72800000,93300000,83600000,65200000,106000000,216000000,322000000,363000000,328000000,308000000,318000000,289000000,247000000,298000000,506000000,547000000,557000000,841000000,747000000,842000000,830000000,939000000,1070000000,1060000000,1070000000,992000000,747000000,895000000,884000000,981000000,1120000000,803000000,827000000,668000000,528000000,525000000,379000000,497000000,292000000,300000000,397000000,421000000,759000000,518000000,1190000000,795000000,577000000,645000000,655000000,508000000,498000000,399000000,357000000,437000000,427000000,369000000
St. Kitts and Nevis,,,,,,,,,,,,,,40000,19200000,6810000,11200000,7940000,6830000,4950000,13900000,8530000,7400000,6890000,8910000,10700000,11500000,13600000,23700000,22100000,12100000,10300000,10700000,14400000,8040000,4380000,8090000,9130000,8550000,5950000,5320000,13900000,35200000,60000,-280000,2640000,4730000,3030000,38900000,2750000,10000000,12700000,19600000,26400000,,,
St. Lucia,,,,,,,,,,,,,,390000,34600000,36700000,29500000,14300000,10800000,5890000,19300000,26900000,19300000,16700000,13400000,16600000,23000000,19300000,28100000,28500000,17500000,31100000,34400000,32900000,41900000,56600000,43700000,31500000,6560000,28900000,11000000,24100000,41800000,17300000,-22300000,11100000,19100000,18000000,14100000,34500000,36900000,29700000,23600000,22200000,17200000,13800000,14600000
St. Vincent and the Grenadines,,,,,,,,,,,,,,520000,18600000,25400000,18400000,14700000,15400000,16200000,21600000,21200000,18100000,12700000,9600000,13200000,25100000,23400000,26400000,22800000,21800000,21600000,23300000,18000000,14400000,52600000,29500000,5720000,26300000,19100000,7210000,11700000,5960000,7020000,9780000,7770000,4690000,59500000,22100000,25500000,15100000,14800000,7250000,7480000,8690000,13500000,8670000
Sudan,223000000,77100000,48900000,104000000,144000000,221000000,256000000,104000000,225000000,59800000,50600000,54300000,319000000,164000000,815000000,1010000000,899000000,944000000,1000000000,1650000000,1460000000,1450000000,1740000000,2230000000,1460000000,2620000000,1830000000,1480000000,1460000000,1190000000,1210000000,1180000000,682000000,599000000,527000000,276000000,262000000,187000000,292000000,338000000,320000000,285000000,418000000,753000000,1140000000,2020000000,2170000000,2080000000,2430000000,2350000000,1940000000,1620000000,1270000000,1440000000,803000000,900000000,816000000
Suriname,112000000,124000000,103000000,148000000,117000000,148000000,27700000,29000000,143000000,135000000,183000000,176000000,194000000,134000000,189000000,176000000,330000000,251000000,153000000,195000000,160000000,223000000,238000000,10600000,14500000,26700000,27100000,37400000,35300000,87400000,88600000,60600000,106000000,109000000,80300000,89500000,130000000,101000000,75400000,47700000,47700000,36900000,18600000,14900000,26600000,44800000,63200000,130000000,82800000,131000000,90700000,75000000,35900000,26300000,11300000,16000000,16500000
Swaziland,89800000,117000000,62400000,60700000,120000000,135000000,89000000,79000000,70600000,83100000,41800000,9210000,46900000,53900000,66600000,51400000,47300000,103000000,125000000,120000000,108000000,78600000,60600000,75000000,70300000,54200000,65800000,77300000,63100000,48100000,78900000,74500000,74600000,75700000,71900000,68200000,35800000,33500000,44200000,36400000,15500000,40400000,28900000,39100000,22500000,45300000,34500000,47900000,64000000,52900000,86800000,113000000,87600000,109000000,81000000,92600000,147000000
Syria,123000000,108000000,182000000,24700000,32100000,24700000,136000000,40100000,34800000,69200000,132000000,120000000,273000000,1840000000,3010000000,2860000000,2660000000,3190000000,2470000000,4890000000,4160000000,4060000000,2640000000,2030000000,1510000000,1420000000,1380000000,1280000000,232000000,174000000,1220000000,670000000,244000000,295000000,751000000,345000000,237000000,223000000,182000000,232000000,183000000,236000000,79900000,141000000,117000000,81200000,22500000,74800000,139000000,192000000,128000000,289000000,1430000000,3190000000,3700000000,4890000000,9140000000
Tajikistan,,,,,,,,,,,,,,,,,,,,,,,,,,,,,,,,,17900000,38300000,91000000,81300000,129000000,114000000,211000000,161000000,170000000,234000000,217000000,182000000,282000000,275000000,256000000,229000000,269000000,381000000,403000000,305000000,352000000,350000000,319000000,426000000,333000000
Tanzania,107000000,380000000,430000000,285000000,391000000,302000000,255000000,281000000,277000000,238000000,314000000,351000000,304000000,417000000,609000000,984000000,853000000,1010000000,1110000000,1360000000,1440000000,1590000000,1600000000,1440000000,1410000000,1230000000,1350000000,1540000000,1570000000,1450000000,1620000000,1450000000,1720000000,1280000000,1240000000,989000000,1020000000,1220000000,1300000000,1310000000,1390000000,1730000000,1750000000,2050000000,1910000000,1570000000,1930000000,2650000000,2110000000,2970000000,2810000000,2190000000,2590000000,3140000000,2420000000,2580000000,2330000000
Thailand,278000000,187000000,251000000,239000000,227000000,354000000,296000000,370000000,424000000,408000000,431000000,331000000,264000000,258000000,278000000,290000000,554000000,388000000,629000000,855000000,865000000,831000000,850000000,892000000,984000000,976000000,762000000,642000000,645000000,838000000,979000000,830000000,802000000,611000000,549000000,669000000,721000000,610000000,709000000,906000000,597000000,303000000,314000000,-802000000,72600000,-110000000,-174000000,-283000000,-500000000,-39000000,19100000,-82400000,-61600000,42700000,322000000,58700000,217000000
Timor-Leste,,17700000,,,,,,2920000,,,,,,,30000,850000,1510000,,30000,1010000,850000,570000,520000,1020000,,,570000,,30000,,140000,1170000,190000,590000,290000,20000,110000,620000,2330000,251000000,375000000,320000000,332000000,223000000,187000000,199000000,222000000,270000000,256000000,209000000,258000000,228000000,236000000,217000000,217000000,212000000,224000000
Togo,920000,24300000,34400000,52200000,115000000,99500000,90500000,101000000,128000000,114000000,105000000,107000000,109000000,112000000,153000000,140000000,148000000,193000000,262000000,254000000,189000000,142000000,178000000,265000000,274000000,268000000,319000000,198000000,313000000,306000000,350000000,265000000,281000000,123000000,155000000,216000000,169000000,147000000,160000000,88400000,95200000,66000000,70900000,59100000,70000000,85800000,80300000,113000000,283000000,473000000,360000000,467000000,216000000,199000000,185000000,200000000,165000000
Tonga,80000,150000,510000,350000,410000,3840000,4540000,9240000,11800000,4900000,10500000,4880000,7400000,7080000,12900000,14400000,19400000,25200000,28200000,57800000,39000000,41200000,42300000,44600000,39200000,36600000,32100000,38900000,31100000,39200000,43100000,29100000,35200000,42300000,46300000,44500000,38300000,36400000,36800000,30800000,27800000,29700000,35300000,35900000,23900000,34400000,25000000,32500000,25700000,37100000,60700000,74400000,62800000,68600000,69500000,68400000,78400000
Trinidad and Tobago,,820000,5240000,79100000,84100000,92600000,57600000,12200000,52000000,52100000,37400000,36700000,23300000,18000000,23600000,19600000,17300000,16900000,12200000,9870000,8190000,-4470000,12400000,12400000,10800000,17600000,36500000,53800000,13500000,8970000,24800000,-2850000,10300000,2240000,27200000,29600000,19500000,42500000,17800000,34400000,-4090000,-4400000,-13500000,-3870000,-1960000,-1960000,13400000,18800000,7940000,6370000,4140000,,,,,,
Tunisia,328000000,614000000,458000000,600000000,453000000,594000000,527000000,592000000,425000000,695000000,635000000,565000000,535000000,566000000,672000000,707000000,717000000,722000000,795000000,458000000,486000000,547000000,482000000,489000000,435000000,407000000,428000000,470000000,486000000,434000000,530000000,465000000,477000000,323000000,138000000,86400000,146000000,245000000,183000000,325000000,288000000,511000000,282000000,325000000,332000000,363000000,428000000,287000000,314000000,416000000,480000000,765000000,935000000,616000000,792000000,475000000,625000000
Turkey,994000000,1280000000,1480000000,1500000000,1050000000,1270000000,1340000000,1310000000,1170000000,1080000000,985000000,1070000000,1080000000,347000000,174000000,188000000,473000000,295000000,404000000,1330000000,2070000000,1660000000,1450000000,799000000,536000000,429000000,628000000,509000000,339000000,187000000,1660000000,2060000000,413000000,603000000,227000000,366000000,258000000,5540000,41200000,40900000,402000000,256000000,383000000,194000000,301000000,415000000,554000000,704000000,920000000,1130000000,845000000,2750000000,2770000000,2440000000,2930000000,2150000000,3610000000
Turkmenistan,,,,,,,,,,,,,,,,,,,,,,,,,,,,,,,,,9800000,45800000,37700000,40400000,30600000,26300000,35200000,33300000,47600000,96200000,55200000,33700000,60700000,31500000,42100000,25300000,14000000,38800000,39900000,37000000,34700000,32000000,31300000,23600000,33300000
Tuvalu,,,,,,,,,,,,,,,,170000,14400000,10500000,9730000,11700000,11400000,12100000,14900000,10900000,15200000,9360000,10700000,54700000,24300000,10000000,7930000,8050000,11100000,7350000,10400000,10800000,12000000,10800000,8510000,10000000,7060000,13000000,14500000,8150000,9680000,10300000,15900000,11800000,15700000,16100000,11900000,29300000,19700000,23000000,29600000,49700000,33300000
Uganda,216000000,216000000,271000000,184000000,197000000,162000000,186000000,166000000,169000000,194000000,217000000,188000000,219000000,97300000,64900000,179000000,70600000,54600000,107000000,116000000,251000000,310000000,309000000,327000000,401000000,438000000,383000000,507000000,625000000,820000000,932000000,897000000,932000000,823000000,968000000,982000000,815000000,1060000000,871000000,800000000,1200000000,1190000000,1000000000,1200000000,1340000000,1280000000,1640000000,1660000000,1500000000,1710000000,1620000000,1430000000,1520000000,1560000000,1500000000,1630000000,1770000000
Ukraine,,,,,,,,,,,,,,,,,,,,,,,,,,,,,,,,,,,,,,,,,,,,,,443000000,513000000,406000000,551000000,599000000,616000000,660000000,705000000,700000000,1230000000,1450000000,1490000000
United Arab Emirates,4340000,5530000,4240000,3810000,4850000,120000,11000000,13200000,10400000,7510000,31300000,31000000,23300000,3430000,2360000,14000000,3340000,107000000,4110000,15000000,8470000,-310000,10400000,9740000,7890000,9350000,65000000,179000000,-18800000,-9990000,4410000,-11800000,-11900000,-12800000,-10000000,4840000,,,,,,,,,,,,,,,,,,,,,
Uruguay,107000000,-6510000,11500000,79000000,31600000,2490000,36900000,36900000,306000000,111000000,78100000,58300000,109000000,86700000,43700000,41400000,43800000,51900000,25100000,32000000,19900000,15400000,9020000,6890000,10800000,14400000,49600000,27100000,63400000,57700000,69200000,62100000,81500000,145000000,93500000,73600000,39100000,40000000,30500000,27300000,23700000,21000000,19100000,19600000,24700000,17600000,23600000,33400000,28300000,44800000,40700000,16200000,15700000,31900000,78500000,23200000,18300000
Uzbekistan,,,,,,,,,,,,,,,,,,,,,,,,,,,,,,,,,1450000,10800000,36200000,82500000,90500000,143000000,169000000,169000000,210000000,202000000,242000000,222000000,255000000,175000000,159000000,162000000,165000000,177000000,223000000,184000000,237000000,266000000,294000000,448000000,442000000
Vanuatu,1590000,2870000,4050000,4980000,6120000,5170000,18400000,16800000,21200000,27100000,25000000,32200000,39400000,44400000,73400000,51500000,114000000,58200000,63600000,93200000,90800000,69200000,61100000,66800000,64900000,57800000,53400000,92400000,64900000,65900000,72800000,73000000,58100000,54400000,53400000,53800000,41000000,37800000,59500000,53400000,69200000,54500000,45300000,46600000,47200000,46500000,56100000,56800000,91700000,104000000,97400000,70300000,78500000,74300000,84900000,187000000,126000000
Venezuela,-69400000,-139000000,497000000,311000000,-338000000,-51400000,179000000,115000000,325000000,79500000,57400000,55600000,105000000,67700000,30000000,61900000,-2090000,-2800000,-48600000,12100000,27800000,31500000,30100000,24400000,37600000,30200000,30500000,28500000,34900000,98000000,99700000,36100000,38600000,49100000,30100000,46900000,42200000,5860000,53900000,58600000,117000000,66900000,80400000,98000000,50500000,51900000,58700000,68100000,53100000,54300000,49000000,43600000,46400000,34400000,38200000,36600000,43300000
Vietnam,1220000000,1110000000,1150000000,1420000000,1510000000,1870000000,2970000000,2570000000,2420000000,2390000000,2130000000,2180000000,2570000000,1980000000,2690000000,1320000000,709000000,827000000,1070000000,862000000,555000000,588000000,564000000,351000000,363000000,359000000,356000000,204000000,240000000,184000000,232000000,287000000,603000000,354000000,1140000000,879000000,1070000000,1210000000,1420000000,1560000000,1810000000,1850000000,1620000000,1980000000,1860000000,1910000000,1850000000,2360000000,2260000000,3320000000,2590000000,2960000000,3360000000,3590000000,3770000000,3160000000,2780000000
Yemen,134000000,128000000,156000000,181000000,199000000,267000000,307000000,205000000,54600000,35200000,103000000,182000000,256000000,274000000,711000000,871000000,1620000000,1380000000,1060000000,852000000,1240000000,1140000000,1400000000,1000000000,1310000000,1000000000,659000000,805000000,470000000,560000000,631000000,368000000,314000000,397000000,205000000,186000000,283000000,440000000,486000000,576000000,420000000,522000000,293000000,280000000,286000000,309000000,295000000,226000000,385000000,517000000,627000000,432000000,662000000,963000000,1050000000,1530000000,1950000000
Zambia,9730000,9320000,58000000,52500000,198000000,99600000,243000000,507000000,258000000,163000000,90900000,139000000,122000000,214000000,242000000,311000000,225000000,343000000,498000000,677000000,681000000,522000000,734000000,512000000,586000000,773000000,881000000,719000000,719000000,564000000,658000000,1150000000,1300000000,1140000000,906000000,2290000000,726000000,793000000,459000000,800000000,1100000000,802000000,1090000000,908000000,1210000000,1210000000,1530000000,972000000,1020000000,1200000000,880000000,939000000,893000000,1040000000,919000000,797000000,964000000
Zimbabwe,,100000,,106000000,42500000,32300000,2910000,2880000,16500000,5010000,4230000,4200000,4760000,4610000,7250000,16500000,27600000,26300000,31300000,34700000,353000000,400000000,504000000,491000000,732000000,569000000,452000000,501000000,427000000,419000000,466000000,524000000,1030000000,677000000,741000000,570000000,439000000,426000000,345000000,296000000,224000000,226000000,266000000,225000000,204000000,397000000,283000000,463000000,590000000,734000000,685000000,655000000,929000000,759000000,697000000,788000000,667000000
